temperature,pressure,flow_rate,voltage,current,power,vibration_x,vibration_y,humidity,rpm,torque,efficiency,sensor_id,location,plant_version
75.01,1.1715,51.79,213.91,9.634,2180.2,0.1376,0.0011,31.9,1405.0,124.16,0.907,SEN-0000,Plant-C,2.1
77.99,1.0494,51.96,228.22,10.342,2111.6,0.2983,0.0277,53.5,1515.0,112.12,0.85,SEN-0001,Plant-A,2.1
72.26,1.1023,47.9,222.53,9.835,2410.0,0.232,-0.1539,59.4,1450.0,115.86,0.8623,SEN-0002,Plant-B,2.1
66.09,1.3386,60.1,228.94,9.111,2249.8,-0.5599,0.4475,34.4,1435.0,114.69,0.6999,SEN-0003,Plant-B,2.1
70.45,1.2821,51.86,223.98,10.788,2043.1,0.499,0.8565,47.0,1497.0,127.31,0.8213,SEN-0004,Plant-B,2.1
65.08,1.1598,58.88,227.45,9.46,2254.6,-0.3927,-0.1839,32.7,1478.0,112.83,0.9394,SEN-0005,Plant-C,2.1
75.6,1.113,54.8,218.76,9.501,2160.1,-0.5674,-0.1753,30.7,1526.0,124.42,0.7607,SEN-0006,Plant-A,2.1
88.4,1.0106,46.69,223.59,8.62,2391.7,-0.3042,-1.124,45.0,1552.0,135.29,0.8232,SEN-0007,Plant-A,2.1
70.08,1.1606,48.09,233.53,9.214,2094.7,-0.0544,-0.0645,41.5,1381.0,123.61,0.8644,SEN-0008,Plant-C,2.1
68.8,1.1969,52.18,213.88,10.652,1975.3,0.357,-0.2181,65.0,1493.0,103.93,0.8788,SEN-0009,Plant-C,2.1
,1.1916,50.31,225.88,8.382,2206.6,0.3119,-1.0806,30.5,1595.0,121.31,0.9316,SEN-0010,Plant-C,2.1
78.57,1.1906,50.25,228.49,9.929,2165.2,-0.0112,0.1442,55.9,1540.0,130.47,0.7619,SEN-0011,Plant-C,2.1
76.05,1.0878,48.57,222.11,10.718,2158.3,0.4665,0.2955,59.3,1569.0,117.2,0.8521,SEN-0012,Plant-A,2.1
65.7,1.1934,40.96,223.83,9.623,1985.9,0.0407,-0.3671,46.7,1502.0,131.16,0.893,SEN-0013,Plant-C,2.1
74.71,1.1961,48.87,226.4,10.24,2242.7,0.448,-0.1863,50.0,1425.0,126.25,0.7843,SEN-0014,Plant-A,2.1
81.95,1.3291,38.91,216.65,8.883,2367.3,-0.7019,-0.4832,39.9,1441.0,124.28,0.848,SEN-0015,Plant-A,2.1
61.56,1.3867,51.86,222.09,11.31,2009.1,-0.7871,0.3813,40.1,1533.0,117.46,0.9442,SEN-0016,Plant-C,2.1
70.42,1.1863,46.37,215.56,11.101,2317.1,0.3879,-0.7587,32.1,1545.0,114.95,0.9158,SEN-0017,Plant-A,2.1
55.99,1.1234,46.42,216.54,10.235,2143.1,-0.695,-0.1566,66.2,1460.0,117.52,0.877,SEN-0018,Plant-B,2.1
62.1,1.1935,48.9,216.84,8.245,2434.9,-0.1508,0.9755,31.1,1484.0,120.71,0.7193,SEN-0019,Plant-C,2.1
56.58,1.1392,51.36,219.27,8.954,2243.6,-0.0491,0.0258,35.5,1510.0,125.32,0.8435,SEN-0020,Plant-C,2.1
72.65,1.1258,42.84,220.75,10.977,2181.2,-0.244,0.234,59.0,1410.0,124.3,0.8693,SEN-0021,Plant-B,2.1
62.33,1.1941,41.26,222.32,11.713,2310.5,-0.2267,-0.0733,48.3,1480.0,117.09,0.8346,SEN-0022,Plant-B,2.1
77.71,1.0957,44.67,212.75,10.297,2252.6,0.6963,-0.5872,50.5,1578.0,120.75,0.8467,SEN-0023,Plant-A,2.1
76.57,1.2606,39.79,230.13,11.247,2140.8,-1.2648,-0.0163,41.8,1606.0,123.98,1.0,SEN-0024,Plant-A,2.1
73.13,1.1896,45.17,225.92,9.392,2271.0,0.4419,0.2032,36.4,1492.0,103.86,0.8393,SEN-0025,Plant-A,2.1
49.83,1.225,57.95,223.72,9.811,2148.9,1.1476,-0.5113,62.0,1589.0,112.43,0.8015,SEN-0026,Plant-B,2.1
69.61,1.1817,44.72,218.17,10.001,2021.2,0.0118,0.1708,35.0,1471.0,112.13,0.8621,SEN-0027,Plant-A,2.1
74.51,1.1273,53.26,219.54,10.423,2403.2,-0.0095,0.6225,41.8,1457.0,118.08,0.8342,SEN-0028,Plant-B,2.1
76.13,1.1052,43.14,222.81,8.471,2165.0,0.3632,0.5348,60.1,1385.0,117.37,0.8345,SEN-0029,Plant-C,2.1
59.7,1.1763,51.5,222.11,10.941,2139.1,0.9144,-0.7914,41.9,1545.0,117.55,0.8456,SEN-0030,Plant-A,2.1
70.22,1.1451,48.4,211.39,11.323,2233.9,-0.594,-0.4876,68.1,1478.0,111.4,0.8887,SEN-0031,Plant-C,2.1
65.21,1.2234,49.7,223.8,8.851,2044.0,0.0438,-0.8068,37.0,1614.0,126.86,0.8619,SEN-0032,Plant-C,2.1
66.91,1.1996,52.84,234.94,8.645,2064.6,-0.0931,0.5356,51.1,1514.0,122.91,0.7899,SEN-0033,Plant-B,2.1
85.61,1.0638,58.78,210.53,10.351,2150.0,0.2797,0.3052,51.5,1506.0,103.71,0.8434,SEN-0034,Plant-B,2.1
66.92,1.2067,50.97,225.1,9.346,2148.0,0.0796,0.3516,50.0,1407.0,120.28,0.8737,SEN-0035,Plant-C,2.1
74.67,1.0657,50.62,221.89,7.629,2207.2,0.3298,-0.4392,61.0,1572.0,108.88,0.8266,SEN-0036,Plant-A,2.1
83.84,1.1384,45.13,219.43,10.809,2312.3,-0.2108,-0.5833,31.8,1479.0,137.17,0.9074,SEN-0037,Plant-B,2.1
69.16,1.1706,52.92,227.04,10.156,2152.6,0.0245,0.0385,51.8,1489.0,115.59,0.8889,SEN-0038,Plant-A,2.1
73.88,0.9925,48.77,213.93,9.523,2249.3,-0.3352,0.0505,61.6,1387.0,116.21,0.8005,SEN-0039,Plant-B,2.1
76.1,1.2092,54.16,220.84,12.113,2260.2,-0.3321,-0.4271,32.0,1543.0,120.99,0.866,SEN-0040,Plant-A,2.1
75.64,1.2151,49.78,227.51,10.139,2091.6,-0.0708,0.0711,51.9,1547.0,118.16,0.9492,SEN-0041,Plant-B,2.1
62.75,1.1842,58.7,218.99,9.247,2222.8,-0.071,0.3223,47.6,1467.0,119.57,0.928,SEN-0042,Plant-A,2.1
75.76,1.1576,40.09,217.85,10.101,2105.7,-0.5862,0.114,46.2,1502.0,135.63,0.8472,SEN-0043,Plant-B,2.1
88.59,1.1626,48.52,220.59,8.96,2306.4,0.785,-0.5197,51.5,1517.0,122.42,0.8949,SEN-0044,Plant-C,2.1
59.53,1.1023,54.41,217.72,9.238,2245.5,-0.0675,-1.0563,55.0,1545.0,128.51,0.8163,SEN-0045,Plant-B,2.1
83.59,1.173,48.25,227.95,10.386,2201.7,-0.6919,-0.1294,58.1,1502.0,131.44,0.7776,SEN-0046,Plant-A,2.1
76.19,1.1447,46.04,215.34,9.446,2066.0,0.5508,0.0822,65.9,1583.0,110.42,0.8777,SEN-0047,Plant-C,2.1
68.59,1.2092,48.67,224.48,9.549,2211.6,-0.3741,-0.13,56.3,1485.0,137.06,0.8623,SEN-0048,Plant-A,2.1
95.0,1.0796,43.1,213.57,11.669,2123.3,0.2541,-0.2142,70.0,1467.0,127.05,0.8757,SEN-0049,Plant-B,2.1
82.62,1.2236,50.59,223.44,10.86,2270.6,-0.0085,-0.3457,56.6,1474.0,129.74,0.8488,SEN-0050,Plant-A,2.1
63.01,1.2143,62.2,219.46,10.803,2188.1,0.1253,0.3578,40.8,1370.0,111.54,0.8663,SEN-0051,Plant-A,2.1
75.75,1.1858,55.73,206.72,10.529,2118.8,0.0855,-0.0262,35.9,1457.0,128.35,0.8244,SEN-0052,Plant-C,2.1
80.77,1.1561,44.45,219.97,10.484,2292.6,-0.2876,0.0616,32.8,1548.0,124.31,0.8737,SEN-0053,Plant-B,2.1
73.11,1.2552,45.63,214.52,11.457,2272.2,0.0205,-0.4858,40.7,1510.0,114.81,0.8917,SEN-0054,Plant-C,2.1
81.83,,47.98,217.72,9.98,2140.7,1.0165,-0.3102,34.8,1456.0,143.01,0.8471,SEN-0055,Plant-C,2.1
74.33,1.246,55.02,227.91,11.856,2316.2,-1.1188,0.0819,57.3,1515.0,125.85,0.8907,SEN-0056,Plant-B,2.1
81.67,1.2243,45.89,214.26,9.049,2170.2,0.033,-0.5027,57.6,1396.0,117.79,0.7615,SEN-0057,Plant-B,2.1
89.39,1.2283,46.55,214.55,9.745,2169.1,0.2175,-0.6296,54.5,1483.0,122.12,0.8107,SEN-0058,Plant-C,2.1
68.24,1.2383,54.42,227.4,8.621,2212.4,-0.5261,-0.1646,45.3,1523.0,129.29,0.9222,SEN-0059,Plant-A,2.1
77.03,1.1346,54.32,220.6,9.656,2124.7,-0.6852,0.6005,48.6,1532.0,131.49,0.9381,SEN-0060,Plant-B,2.1
70.37,1.1741,48.13,227.92,10.518,2155.8,1.0795,0.0955,40.4,1459.0,126.0,0.8625,SEN-0061,Plant-B,2.1
76.27,1.2637,44.41,221.66,11.451,2184.0,-0.1858,0.7298,66.7,1543.0,132.36,0.8448,SEN-0062,Plant-B,2.1
63.13,1.2431,42.25,215.46,9.337,2353.0,1.0395,-0.0658,30.6,1591.0,134.89,0.7866,SEN-0063,Plant-B,2.1
69.21,1.2207,46.51,219.66,10.005,2350.0,0.2679,-0.155,42.8,1476.0,107.84,0.8682,SEN-0064,Plant-C,2.1
73.04,1.0486,38.85,226.32,9.641,2174.1,0.0381,-0.6961,52.9,1534.0,115.34,0.8889,SEN-0065,Plant-A,2.1
83.99,1.2538,53.75,224.84,9.261,2361.0,0.238,-0.2881,37.2,1419.0,110.8,0.7759,SEN-0066,Plant-C,2.1
86.45,1.3169,46.85,220.0,8.811,2195.7,0.3175,0.7176,64.2,1399.0,121.17,0.8779,SEN-0067,Plant-C,2.1
61.76,1.301,52.41,220.25,10.061,2238.1,0.5898,0.1638,49.2,1528.0,134.63,0.8745,SEN-0068,Plant-C,2.1
67.05,1.2234,59.34,219.42,8.268,2288.4,0.2179,0.3666,44.8,1499.0,126.73,0.872,SEN-0069,Plant-C,2.1
81.47,1.0442,55.86,217.03,10.111,2229.2,0.0723,0.3525,32.5,1507.0,109.74,0.7936,SEN-0070,Plant-A,2.1
55.08,1.2943,44.24,229.93,10.021,2441.5,0.0881,-0.0048,41.2,1468.0,117.26,0.8771,SEN-0071,Plant-A,2.1
70.37,1.1853,54.35,220.04,9.342,2224.3,0.676,-0.1024,53.6,1483.0,130.48,0.7751,SEN-0072,Plant-A,2.1
74.03,0.9467,55.79,214.19,8.989,2080.2,0.4085,0.0596,41.2,1538.0,114.89,0.9244,SEN-0073,Plant-B,2.1
87.57,1.2377,46.27,217.55,8.616,2330.5,-0.501,0.3357,31.8,1583.0,119.23,0.8568,SEN-0074,Plant-A,2.1
81.89,1.0508,45.23,223.73,11.871,2158.8,-0.3178,0.2289,53.2,1487.0,123.24,0.7918,SEN-0075,Plant-A,2.1
71.73,1.0704,49.45,223.3,8.658,2169.6,0.1654,0.246,42.2,1415.0,101.99,0.9173,SEN-0076,Plant-A,2.1
71.31,1.1365,41.99,219.3,11.558,1900.8,-0.3115,0.0771,63.9,1561.0,128.0,0.9077,SEN-0077,Plant-A,2.1
72.5,1.3273,57.35,216.56,10.6,2300.1,-0.1882,-0.385,57.7,1528.0,123.62,0.8175,SEN-0078,Plant-B,2.1
90.24,1.1629,37.97,220.12,9.636,2281.8,-0.478,-0.1308,58.9,1532.0,125.89,0.9602,SEN-0079,Plant-A,2.1
70.72,1.2271,44.47,211.4,8.843,2279.9,-0.1308,-0.4707,65.6,1507.0,110.41,0.7998,SEN-0080,Plant-B,2.1
71.96,1.3748,48.65,213.31,11.042,2297.8,0.2118,0.5023,62.4,1614.0,112.52,0.8657,SEN-0081,Plant-A,2.1
78.53,1.3594,48.86,224.11,11.73,2369.1,0.4976,-1.051,43.2,1501.0,114.23,0.9091,SEN-0082,Plant-C,2.1
73.79,1.1897,50.83,217.54,9.066,2195.4,0.0046,-0.1089,52.8,1523.0,122.71,0.7365,SEN-0083,Plant-C,2.1
73.03,1.1758,51.36,221.93,9.701,2293.8,1.0374,1.1936,40.4,1405.0,120.9,0.9001,SEN-0084,Plant-B,2.1
63.86,1.0739,48.93,226.26,11.052,2125.6,-0.0382,-0.1708,38.1,1468.0,121.48,0.8468,SEN-0085,Plant-B,2.1
74.88,1.1306,55.68,223.34,10.336,2164.6,1.5967,-0.5674,38.2,1463.0,138.12,0.8492,SEN-0086,Plant-C,2.1
70.56,1.2425,39.3,220.11,12.0,2305.7,0.5008,-0.009,34.4,1496.0,133.25,0.7962,SEN-0087,Plant-C,2.1
86.66,1.2396,50.0,230.94,9.43,2239.1,0.2484,0.6447,39.6,1515.0,113.01,0.8666,SEN-0088,Plant-A,2.1
81.53,1.211,46.43,223.43,10.542,2066.7,-0.2495,-0.0802,39.0,1460.0,113.66,0.7945,SEN-0089,Plant-C,2.1
74.76,1.2995,50.66,218.18,8.749,2236.1,-1.4122,0.3067,56.9,1584.0,137.36,0.8016,SEN-0090,Plant-C,2.1
81.68,1.1228,51.1,223.76,12.096,2181.7,-0.0776,0.05,40.1,1444.0,117.03,0.8276,SEN-0091,Plant-B,2.1
71.6,1.1944,45.44,222.1,9.27,2118.1,0.0891,-0.1864,31.9,1475.0,133.99,0.7886,SEN-0092,Plant-B,2.1
85.52,1.2731,46.8,215.6,7.792,2243.4,0.9612,1.5751,46.9,1509.0,136.19,0.9286,SEN-0093,Plant-B,2.1
74.95,1.2584,53.96,220.38,9.874,2159.5,-0.6899,0.0356,38.0,1435.0,114.78,0.7836,SEN-0094,Plant-A,2.1
80.83,1.3071,51.75,219.15,9.861,2043.0,0.9529,-0.2686,57.6,1526.0,117.51,0.8123,SEN-0095,Plant-A,2.1
62.09,1.2397,46.6,209.89,11.916,2088.9,-0.1256,-0.245,38.9,1529.0,121.03,0.8342,SEN-0096,Plant-A,2.1
78.47,1.1691,60.2,219.11,9.661,2376.9,0.362,0.1903,52.3,1483.0,111.56,0.8502,SEN-0097,Plant-B,2.1
58.12,1.2362,61.55,218.54,9.987,2048.5,-1.2699,0.2046,37.0,1593.0,110.42,0.8896,SEN-0098,Plant-B,2.1
54.65,1.0997,42.69,217.75,10.593,2222.3,0.0695,0.386,49.3,1502.0,116.19,0.8909,SEN-0099,Plant-C,2.1
71.96,1.0361,51.51,211.54,11.586,2261.0,-0.1719,0.0706,64.7,1512.0,128.73,0.8349,SEN-0100,Plant-C,2.1
66.0,1.2581,62.54,218.18,9.937,2263.9,0.3412,-0.7158,42.1,1449.0,115.72,0.8308,SEN-0101,Plant-C,2.1
76.64,1.1945,53.92,219.8,11.039,2077.5,0.0456,0.266,51.1,1414.0,118.14,0.8518,SEN-0102,Plant-A,2.1
97.45,1.2308,51.11,220.52,10.518,2167.8,-0.5711,-0.1545,47.5,1466.0,115.55,0.8911,SEN-0103,Plant-A,2.1
66.68,1.0302,48.96,214.16,9.704,2214.1,0.4735,-0.1431,32.8,1481.0,106.55,0.8849,SEN-0104,Plant-B,2.1
68.76,1.1635,47.29,223.25,10.078,2280.0,0.3473,-0.7415,30.8,1475.0,135.04,0.8242,SEN-0105,Plant-A,2.1
77.05,1.14,48.94,213.75,10.029,2135.5,0.2984,-0.2868,63.7,1536.0,96.78,0.747,SEN-0106,Plant-B,2.1
79.93,1.1136,47.25,218.85,9.084,2083.7,0.5045,-0.3634,43.6,1378.0,113.66,0.9572,SEN-0107,Plant-C,2.1
73.24,0.9745,53.72,226.71,11.214,2300.3,0.5505,-0.0182,57.4,1441.0,125.79,0.8976,SEN-0108,Plant-C,2.1
72.94,1.1665,48.01,216.44,8.614,2310.5,-0.0109,-0.7267,46.5,1406.0,106.24,0.8632,SEN-0109,Plant-B,2.1
82.02,1.2897,47.79,217.37,11.171,2237.0,-0.6788,0.0253,63.5,1565.0,126.25,0.867,SEN-0110,Plant-C,2.1
80.2,1.2381,43.99,225.52,10.954,2139.1,-0.6925,0.0622,37.8,1469.0,132.72,0.8239,SEN-0111,Plant-A,2.1
64.66,1.1399,49.75,218.03,9.907,2240.7,0.6749,-0.5599,49.4,1472.0,111.6,0.7999,SEN-0112,Plant-B,2.1
74.21,1.1985,45.53,218.47,9.235,2210.9,0.3552,-0.3123,51.9,1442.0,122.29,0.8334,SEN-0113,Plant-C,2.1
75.35,1.2757,49.1,221.14,9.774,2283.8,0.051,-0.4288,61.7,1542.0,109.09,0.8389,SEN-0114,Plant-C,2.1
64.46,0.924,55.21,225.39,10.473,2075.1,-0.2173,0.4538,31.2,1477.0,125.27,0.8187,SEN-0115,Plant-A,2.1
77.6,1.1875,51.83,208.68,10.743,2211.6,0.0158,-1.2641,44.5,1509.0,121.08,0.7771,SEN-0116,Plant-A,2.1
66.42,1.2543,52.52,215.74,10.287,2184.1,0.0124,-0.1717,49.0,1396.0,122.35,0.8344,SEN-0117,Plant-B,2.1
84.72,1.2682,51.78,214.83,10.992,2089.0,-0.1684,-0.8303,53.6,1556.0,133.86,0.8788,SEN-0118,Plant-C,2.1
76.93,1.3701,50.3,214.43,9.443,2221.6,-0.3495,-0.2158,35.7,1517.0,124.91,0.8253,SEN-0119,Plant-B,2.1
75.89,1.3135,49.36,215.61,10.235,2203.5,1.0822,0.4234,51.7,1525.0,133.65,0.8511,SEN-0120,Plant-A,2.1
69.09,1.2313,48.46,215.69,8.432,2159.0,0.1143,-0.3153,57.7,1559.0,126.54,0.7465,SEN-0121,Plant-C,2.1
73.81,1.2302,53.8,221.55,10.764,2239.6,-0.3029,0.0692,59.3,1488.0,108.2,0.8396,SEN-0122,Plant-B,2.1
55.02,1.2787,,215.44,10.153,2058.1,-0.651,-0.4224,39.0,1489.0,122.81,0.8439,SEN-0123,Plant-A,2.1
63.69,1.1461,56.7,220.63,9.584,2194.6,-0.3628,0.9697,47.6,1533.0,125.09,0.7887,SEN-0124,Plant-A,2.1
78.63,1.196,50.17,222.06,11.162,2243.1,0.3599,0.4566,41.9,1519.0,105.74,0.7635,SEN-0125,Plant-C,2.1
53.71,1.2906,46.26,216.26,10.692,2228.4,0.3792,0.5636,45.5,1485.0,133.53,0.8706,SEN-0126,Plant-C,2.1
83.47,1.3957,47.55,220.67,7.184,2307.6,-0.1092,-0.6641,44.5,1500.0,120.87,0.8095,SEN-0127,Plant-C,2.1
57.54,1.1841,46.62,228.39,10.04,2079.9,0.0259,-0.5505,67.8,1472.0,123.87,0.8744,SEN-0128,Plant-A,2.1
82.57,1.1952,50.8,221.65,8.545,2049.2,-0.1525,0.5399,30.5,1533.0,111.23,0.829,SEN-0129,Plant-C,2.1
66.55,1.2198,46.41,216.74,11.067,2223.9,-0.5539,-0.0972,67.9,1544.0,120.92,0.8812,SEN-0130,Plant-B,2.1
82.79,1.3343,55.71,219.67,12.489,2245.5,0.6508,-0.129,31.3,1498.0,123.19,0.8331,SEN-0131,Plant-C,2.1
76.31,1.197,46.09,215.31,9.481,2412.0,0.1863,0.1669,33.1,1592.0,116.93,0.7747,SEN-0132,Plant-B,2.1
59.63,1.3469,38.64,221.39,10.075,2261.7,1.2382,-0.6276,38.2,1421.0,121.0,0.8457,SEN-0133,Plant-A,2.1
87.49,1.1033,46.35,224.41,9.749,2112.6,-0.3781,0.3864,41.5,1486.0,99.0,0.8336,SEN-0134,Plant-B,2.1
89.42,1.1814,39.96,215.81,10.351,2280.6,-0.0688,0.0092,64.3,1583.0,133.81,0.8829,SEN-0135,Plant-C,2.1
74.34,1.1802,49.8,218.93,10.645,2115.4,0.4415,0.2396,63.6,1476.0,109.05,0.8275,SEN-0136,Plant-C,2.1
72.26,1.2787,55.3,225.69,11.287,2051.4,-0.1225,-0.3353,67.4,1417.0,98.37,0.8303,SEN-0137,Plant-B,2.1
73.4,1.3045,53.24,217.46,9.013,2460.9,-0.6938,0.2566,45.6,1567.0,110.59,0.893,SEN-0138,Plant-B,2.1
65.25,1.0491,43.31,220.96,11.572,2232.6,-0.4744,-0.3524,30.6,1525.0,111.84,0.9083,SEN-0139,Plant-C,2.1
85.99,1.1085,46.19,214.77,9.068,2271.5,0.0504,0.4772,55.0,1438.0,125.63,0.888,SEN-0140,Plant-C,2.1
69.57,1.2337,58.89,215.82,10.277,2256.4,0.1717,0.5648,66.0,1536.0,111.05,0.9019,SEN-0141,Plant-B,2.1
74.49,1.1341,51.59,217.38,11.159,2381.2,-0.0473,0.4559,34.3,1446.0,123.03,0.8727,SEN-0142,Plant-A,2.1
67.07,1.0478,50.02,230.88,10.713,2228.4,0.5017,0.2582,63.1,1430.0,110.59,0.8885,SEN-0143,Plant-A,2.1
68.74,1.3038,55.28,217.95,9.061,2321.8,0.4964,0.3169,30.1,1490.0,142.26,0.8939,SEN-0144,Plant-C,2.1
62.22,1.2494,62.26,217.35,9.298,2097.3,0.1614,-1.353,59.3,1474.0,125.64,0.8702,SEN-0145,Plant-C,2.1
87.57,1.2493,56.48,217.18,9.538,2060.8,0.0134,0.4174,49.7,1443.0,139.75,0.8531,SEN-0146,Plant-A,2.1
73.46,1.1525,50.7,219.17,9.949,2342.7,-0.1264,-0.137,66.3,1479.0,110.04,0.8571,SEN-0147,Plant-B,2.1
84.66,1.3029,51.77,223.28,11.147,2347.5,0.2755,0.0475,65.0,1447.0,126.82,0.9702,SEN-0148,Plant-B,2.1
75.13,1.176,53.09,220.95,8.708,2251.1,0.4598,-0.1419,31.9,1501.0,110.62,0.8507,SEN-0149,Plant-A,2.1
68.06,1.3096,46.94,230.29,10.467,2222.6,0.0303,-0.6956,49.9,1496.0,125.96,0.8382,SEN-0150,Plant-B,2.1
71.73,1.1088,44.71,221.07,10.61,2216.6,0.225,-0.2693,39.7,1535.0,126.96,0.8318,SEN-0151,Plant-B,2.1
69.4,1.1146,50.26,227.24,10.558,2131.2,-0.1622,0.3293,47.6,1475.0,104.23,0.8483,SEN-0152,Plant-C,2.1
75.08,1.2205,45.26,221.38,10.466,2353.9,-0.7058,0.7087,32.7,1431.0,108.81,0.8622,SEN-0153,Plant-A,2.1
71.25,1.1298,49.69,223.03,11.518,2265.9,-0.5005,-0.3115,44.4,1431.0,108.51,0.7934,SEN-0154,Plant-C,2.1
72.0,1.2675,50.48,212.78,10.488,2250.6,0.3829,-0.452,46.3,1485.0,105.13,0.751,SEN-0155,Plant-B,2.1
61.21,1.226,61.71,219.36,10.857,2237.6,0.2235,0.7259,30.2,1575.0,112.85,0.8648,SEN-0156,Plant-C,2.1
66.93,1.1077,45.74,219.66,10.564,2304.8,0.7951,-0.4413,49.0,1540.0,110.56,0.7697,SEN-0157,Plant-C,2.1
91.54,1.2073,49.39,218.79,11.793,2250.5,0.028,1.0368,65.8,1465.0,105.71,0.8629,SEN-0158,Plant-B,2.1
68.29,1.1649,49.18,209.24,8.1,2274.5,0.4324,0.0253,32.4,1545.0,121.13,0.857,SEN-0159,Plant-B,2.1
64.46,1.2916,52.19,224.4,11.282,2083.1,0.6615,-0.4417,67.8,1439.0,125.61,0.9076,SEN-0160,Plant-C,2.1
78.37,1.1367,55.23,218.06,9.739,2251.0,0.4972,0.4922,49.6,1548.0,107.0,0.9335,SEN-0161,Plant-B,2.1
89.07,1.1561,47.55,217.81,9.719,2418.7,-0.3043,0.8467,38.4,1478.0,114.58,0.8684,SEN-0162,Plant-B,2.1
60.46,1.3211,45.89,218.72,9.031,2148.1,-0.0923,-0.7174,68.8,1536.0,120.22,0.8223,SEN-0163,Plant-C,2.1
72.91,1.4239,41.8,218.86,8.131,2187.1,0.0649,0.7795,48.9,1529.0,117.82,0.7913,SEN-0164,Plant-A,2.1
68.68,1.3999,45.37,222.04,9.618,2289.2,-0.4929,-0.1407,47.5,1484.0,113.13,0.8104,SEN-0165,Plant-A,2.1
57.39,1.2063,52.68,213.64,9.313,2295.7,0.2371,0.7432,45.1,1514.0,128.24,0.852,SEN-0166,Plant-A,2.1
82.35,1.2219,50.23,215.34,10.494,2262.4,0.512,-0.1902,65.3,1444.0,128.6,0.7465,SEN-0167,Plant-A,2.1
74.77,1.3533,44.92,221.45,8.528,2038.2,-0.2404,-0.7886,35.2,1494.0,126.93,0.8538,SEN-0168,Plant-A,2.1
75.71,1.1876,48.14,220.73,11.432,2250.2,0.9863,0.251,38.4,1552.0,118.04,0.8494,SEN-0169,Plant-C,2.1
67.48,1.1024,50.16,218.12,10.272,2081.6,-0.1454,0.4633,41.3,1703.0,139.99,0.8822,SEN-0170,Plant-A,2.1
79.55,1.2117,52.52,217.13,9.752,2117.5,-0.1015,1.048,32.5,1533.0,137.53,0.8333,SEN-0171,Plant-A,2.1
69.61,1.2452,47.03,215.83,9.291,2254.8,-0.1191,0.8618,63.8,1502.0,116.1,0.8551,SEN-0172,Plant-A,2.1
73.57,1.1171,48.75,219.71,9.213,2170.4,-0.3541,0.3476,49.5,1447.0,118.92,0.8132,SEN-0173,Plant-B,2.1
63.92,1.0354,40.91,225.9,8.87,2281.0,0.2089,-0.1189,54.1,1551.0,132.0,0.8268,SEN-0174,Plant-A,2.1
62.84,1.0563,44.24,214.71,9.456,2514.8,0.01,-0.2603,65.4,1415.0,112.12,0.7613,SEN-0175,Plant-C,2.1
88.36,1.2665,58.09,227.62,10.006,2277.7,0.8307,-0.1474,49.8,1457.0,124.1,0.8562,SEN-0176,Plant-B,2.1
69.93,1.1242,39.06,224.22,9.823,2272.3,0.3037,-0.4155,41.1,1516.0,120.57,0.9274,SEN-0177,Plant-B,2.1
77.92,1.1859,48.31,217.74,8.586,2110.4,0.2688,-0.1373,51.2,1437.0,113.08,0.8581,SEN-0178,Plant-A,2.1
74.66,1.2213,51.1,223.92,9.734,2135.7,-0.1108,-1.2723,50.0,1575.0,117.79,0.8683,SEN-0179,Plant-A,2.1
70.59,1.2619,48.13,212.67,9.107,2093.6,-0.7071,0.0894,42.0,1552.0,104.39,0.8009,SEN-0180,Plant-C,2.1
69.92,1.1665,45.96,211.34,10.16,2146.7,-0.0448,-0.0145,39.3,1469.0,114.67,0.9216,SEN-0181,Plant-A,2.1
81.3,1.2499,49.69,213.55,11.865,2090.8,-0.4251,1.2829,44.3,1470.0,100.15,0.8116,SEN-0182,Plant-B,2.1
71.98,1.111,49.98,217.95,10.625,2134.0,0.4759,0.3794,59.4,1432.0,142.9,0.8901,SEN-0183,Plant-B,2.1
73.49,1.1638,49.59,218.37,9.687,2179.1,-0.0152,-0.2401,36.6,1427.0,135.15,0.8554,SEN-0184,Plant-B,2.1
75.22,1.0976,40.61,217.42,8.375,2099.9,0.8329,0.2824,69.8,1520.0,132.38,0.802,SEN-0185,Plant-C,2.1
86.77,1.3132,49.26,220.5,8.585,2058.1,0.3677,-0.6129,39.4,1529.0,123.11,0.9014,SEN-0186,Plant-A,2.1
81.81,1.1973,45.72,209.32,8.313,2063.9,0.4178,-0.3013,40.9,1515.0,130.07,0.8508,SEN-0187,Plant-B,2.1
78.83,1.1261,47.26,222.48,10.726,2245.4,0.1153,-0.9338,34.9,1511.0,132.81,0.8589,SEN-0188,Plant-B,2.1
69.36,1.1648,51.13,212.9,9.235,2206.0,0.1043,0.7181,45.7,1470.0,130.24,0.8726,SEN-0189,Plant-C,2.1
61.18,1.1778,53.2,216.7,10.063,2302.6,0.3266,0.2967,44.9,1516.0,129.26,0.8489,SEN-0190,Plant-C,2.1
84.5,1.2701,54.48,217.94,9.378,2304.4,0.4613,-0.5878,57.3,1424.0,110.95,0.8311,SEN-0191,Plant-B,2.1
84.66,1.0404,47.52,214.22,10.091,2165.9,-0.3553,-0.0302,65.8,1498.0,124.36,0.8733,SEN-0192,Plant-C,2.1
73.59,1.0963,54.62,213.15,11.402,2267.0,0.2461,0.4749,39.9,1572.0,114.72,0.8298,SEN-0193,Plant-A,2.1
80.42,1.1622,55.87,214.97,9.315,2055.9,1.3105,0.2476,62.4,1564.0,108.26,0.8533,SEN-0194,Plant-A,2.1
82.81,1.4532,55.68,219.94,9.659,2428.3,-0.0448,0.1911,42.3,1474.0,108.65,0.8166,SEN-0195,Plant-B,2.1
83.31,1.2956,56.95,222.95,9.194,2319.5,-0.1278,-0.4289,46.3,1481.0,124.34,0.7755,SEN-0196,Plant-B,2.1
84.21,1.1889,49.27,222.82,10.875,2178.5,-0.3462,-0.3186,35.1,1567.0,130.59,0.8163,SEN-0197,Plant-A,2.1
70.44,1.2712,49.13,215.03,8.974,2083.7,-0.7243,0.0476,65.7,1587.0,106.38,0.8252,SEN-0198,Plant-B,2.1
90.15,1.4057,54.13,216.04,8.867,2238.0,0.5944,0.4601,44.9,1423.0,137.51,0.8507,SEN-0199,Plant-B,2.1
62.53,1.1766,43.17,215.4,8.612,2013.0,0.0305,-0.4144,58.0,1476.0,134.74,0.9092,SEN-0200,Plant-C,2.1
83.62,1.1634,51.05,222.25,8.592,2122.1,0.1498,-0.5607,31.1,1509.0,116.24,0.7655,SEN-0201,Plant-C,2.1
79.94,1.3212,47.35,209.81,10.471,2274.9,0.9224,0.572,57.9,1559.0,115.41,0.8564,SEN-0202,Plant-B,2.1
83.74,1.2494,48.16,226.19,12.569,2207.5,1.2546,-0.4652,39.1,1456.0,119.31,0.7394,SEN-0203,Plant-A,2.1
93.79,1.2671,41.29,217.58,9.005,2150.9,-0.4443,0.5386,48.1,1530.0,129.85,0.7977,SEN-0204,Plant-B,2.1
89.84,1.1492,45.55,216.08,10.952,2295.1,0.5273,0.1215,57.0,1483.0,116.2,0.8246,SEN-0205,Plant-B,2.1
63.55,1.3924,49.9,221.7,10.251,2096.1,0.3119,0.4405,36.8,1617.0,108.97,0.7373,SEN-0206,Plant-A,2.1
58.11,1.371,54.44,225.16,8.898,2228.5,0.1998,0.8722,51.1,1519.0,123.46,0.7571,SEN-0207,Plant-C,2.1
83.17,1.2566,54.95,221.71,9.723,2150.2,0.24,0.3443,63.4,1491.0,99.37,0.8577,SEN-0208,Plant-B,2.1
64.85,1.2684,49.6,225.26,9.767,2115.3,-0.0108,0.388,36.5,1481.0,121.43,0.8539,SEN-0209,Plant-A,2.1
74.88,0.9973,49.05,220.67,9.309,2246.3,0.7956,-0.4589,48.7,1551.0,131.61,0.8443,SEN-0210,Plant-B,2.1
83.4,1.2638,45.85,226.15,11.931,2100.7,0.3083,-0.3476,37.4,1532.0,123.07,0.8098,SEN-0211,Plant-C,2.1
58.56,1.1806,52.01,226.23,8.094,2390.2,0.1735,0.322,35.7,1443.0,127.82,0.9577,SEN-0212,Plant-A,2.1
53.9,1.2434,48.76,219.5,10.381,2141.5,0.6247,0.7671,49.6,1509.0,124.95,0.8419,SEN-0213,Plant-A,2.1
77.59,1.2682,53.03,227.2,10.332,2399.0,0.4495,0.6961,48.3,1431.0,127.29,0.8069,SEN-0214,Plant-C,2.1
75.44,1.1659,58.76,220.82,9.42,2090.6,0.2314,1.1583,55.8,1460.0,121.46,0.9339,SEN-0215,Plant-C,2.1
72.54,1.031,49.84,220.43,10.15,2260.6,0.1648,0.1554,64.3,1433.0,111.71,0.8807,SEN-0216,Plant-B,2.1
75.39,1.2368,42.51,215.39,10.878,2080.0,0.8792,0.1014,58.3,1431.0,117.76,0.8315,SEN-0217,Plant-B,2.1
66.39,1.1259,45.7,218.56,10.153,2065.9,0.2562,0.5031,43.5,1463.0,119.27,0.9096,SEN-0218,Plant-A,2.1
59.87,1.167,42.71,223.89,10.417,2216.0,-0.0435,0.0095,49.4,1449.0,132.59,0.8578,SEN-0219,Plant-B,2.1
73.33,1.1395,44.01,213.44,10.693,2267.8,-0.4272,-0.0312,57.0,1524.0,136.26,0.8822,SEN-0220,Plant-A,2.1
65.28,1.1658,56.53,223.25,7.968,2072.6,-0.1706,-0.5237,63.5,1538.0,124.21,0.8617,SEN-0221,Plant-C,2.1
58.57,0.969,51.13,221.74,11.478,2318.4,-0.5235,0.4956,57.3,1486.0,112.47,0.7986,SEN-0222,Plant-A,2.1
80.06,1.3217,42.4,221.39,12.278,2120.2,0.0552,-0.536,50.1,1442.0,112.7,0.8986,SEN-0223,Plant-C,2.1
74.39,1.2253,53.27,208.97,10.981,2213.1,0.1299,0.2561,35.3,1538.0,118.12,0.858,SEN-0224,Plant-C,2.1
79.07,1.3111,56.3,219.48,11.014,2238.0,-1.024,-0.7096,64.7,1396.0,133.89,0.7995,SEN-0225,Plant-B,2.1
65.11,1.398,48.2,223.24,8.592,2259.5,0.0106,0.5482,41.3,1401.0,123.35,0.8119,SEN-0226,Plant-B,2.1
68.42,1.2023,46.62,216.19,9.882,2020.2,0.326,-0.5144,46.2,1534.0,119.45,0.8978,SEN-0227,Plant-A,2.1
65.01,1.0198,48.31,220.45,9.188,2361.9,0.0846,0.4217,65.4,1531.0,112.35,0.8315,SEN-0228,Plant-B,2.1
66.13,1.1106,51.42,208.11,9.413,2256.2,-0.476,-0.7947,38.3,1547.0,128.82,0.8523,SEN-0229,Plant-B,2.1
76.95,1.0793,53.2,223.36,10.967,2157.4,0.6357,-0.2199,66.6,1487.0,122.89,0.8827,SEN-0230,Plant-C,2.1
67.17,1.1498,55.91,216.69,9.196,2097.6,-0.3469,0.5892,39.2,1434.0,119.49,0.8564,SEN-0231,Plant-B,2.1
78.56,1.208,56.06,224.36,9.87,2030.6,-0.6129,-0.4027,33.5,1472.0,121.03,0.7737,SEN-0232,Plant-B,2.1
78.4,0.9998,55.93,210.79,8.091,2063.9,-0.5391,0.0336,50.5,1526.0,136.87,0.8819,SEN-0233,Plant-A,2.1
95.25,1.2342,56.81,223.46,9.842,2254.5,-0.006,-0.2392,61.8,1459.0,118.4,0.8969,SEN-0234,Plant-A,2.1
61.07,1.049,53.31,218.82,10.09,2165.9,0.4927,-1.1547,46.1,1463.0,136.88,0.8933,SEN-0235,Plant-B,2.1
83.88,1.2297,42.35,224.04,9.295,2086.8,0.584,0.154,63.7,1428.0,132.42,0.9308,SEN-0236,Plant-A,2.1
74.11,1.1891,49.35,215.37,9.28,2147.3,0.106,0.2161,45.9,1439.0,120.52,0.8682,SEN-0237,Plant-C,2.1
74.86,1.1686,51.57,216.91,11.886,2356.4,-0.5957,-0.5539,62.6,1540.0,128.84,0.8889,SEN-0238,Plant-C,2.1
60.5,1.1927,48.08,231.21,8.79,2166.9,-0.3273,0.2868,34.5,1521.0,118.76,0.9295,SEN-0239,Plant-B,2.1
70.4,1.146,54.56,215.85,8.949,2141.6,-0.4479,-0.3978,41.3,1439.0,111.72,0.8355,SEN-0240,Plant-C,2.1
82.43,1.1388,48.2,216.47,9.191,2335.1,-0.0883,-0.5017,34.9,1444.0,117.32,0.9368,SEN-0241,Plant-A,2.1
74.18,1.0317,45.37,218.62,11.199,2246.2,-0.8862,0.0034,59.6,1470.0,110.93,0.9367,SEN-0242,Plant-C,2.1
75.81,1.197,57.22,214.89,12.102,2204.4,0.0564,-0.3407,48.8,1525.0,125.11,0.8892,SEN-0243,Plant-B,2.1
72.09,1.3846,53.33,225.95,10.332,2139.2,0.3233,1.1462,56.2,1439.0,120.15,0.942,SEN-0244,Plant-C,2.1
86.55,1.398,51.1,228.63,9.283,2044.8,-0.0738,-0.7775,39.5,1489.0,125.68,0.8926,SEN-0245,Plant-B,2.1
74.79,1.3322,54.63,216.48,9.572,2082.9,0.2307,0.3692,59.4,1390.0,128.27,0.806,SEN-0246,Plant-C,2.1
53.0,1.2706,55.31,211.37,11.065,2152.0,-0.4687,0.4945,69.7,1435.0,88.8,0.9069,SEN-0247,Plant-C,2.1
68.08,1.1324,51.71,225.86,9.089,2178.0,-0.7268,-0.9896,33.2,1519.0,123.11,0.8663,SEN-0248,Plant-B,2.1
55.31,1.3443,37.71,225.54,11.453,2235.6,-0.318,-0.8662,42.8,1543.0,101.98,0.8707,SEN-0249,Plant-B,2.1
42.49,1.1944,46.62,224.11,11.417,2255.2,0.579,0.2812,64.8,1440.0,121.67,0.8577,SEN-0250,Plant-C,2.1
69.7,1.1931,47.72,225.78,10.07,2222.3,0.5155,-0.2408,64.1,1459.0,111.23,0.918,SEN-0251,Plant-A,2.1
88.34,1.1709,45.08,215.66,10.646,2222.0,-0.228,0.1918,64.9,1538.0,121.04,0.8776,SEN-0252,Plant-B,2.1
75.47,1.2092,50.99,219.16,10.75,2099.2,0.6023,0.5697,39.1,1478.0,133.65,0.8152,SEN-0253,Plant-A,2.1
63.27,1.1565,55.96,213.08,11.554,1984.5,-0.162,-0.1861,52.5,1471.0,102.92,0.8743,SEN-0254,Plant-B,2.1
65.59,1.1916,47.58,212.91,8.949,2147.9,0.7563,-0.532,33.4,1524.0,121.91,0.8865,SEN-0255,Plant-A,2.1
86.31,1.0915,44.33,224.91,11.181,2104.6,0.2417,-1.3647,47.2,1508.0,119.22,0.8137,SEN-0256,Plant-A,2.1
76.58,1.1626,60.14,216.64,9.625,2134.7,-0.2256,0.1023,53.0,1554.0,101.08,0.8283,SEN-0257,Plant-C,2.1
75.48,1.4281,47.74,231.4,9.232,2172.5,0.398,-0.4643,40.3,1538.0,126.48,0.8308,SEN-0258,Plant-A,2.1
74.47,1.193,43.84,220.37,10.103,2075.6,-0.387,0.1567,46.9,1469.0,120.34,0.8196,SEN-0259,Plant-B,2.1
75.38,1.1761,51.19,216.8,9.786,2088.9,-0.4676,0.1158,44.6,1492.0,114.91,0.8674,SEN-0260,Plant-B,2.1
83.05,1.2532,52.13,223.99,9.013,2190.0,-0.7253,-0.6922,33.4,1495.0,112.78,0.9009,SEN-0261,Plant-B,2.1
80.53,1.2708,46.47,229.01,8.403,2211.6,0.1293,0.8619,32.7,1430.0,152.13,0.9446,SEN-0262,Plant-B,2.1
77.16,1.0886,53.95,222.43,9.058,2134.4,-0.0266,0.5416,61.2,1449.0,116.06,0.9097,SEN-0263,Plant-C,2.1
64.57,1.1793,47.56,213.91,11.452,2249.8,-0.0386,0.4241,30.1,1547.0,102.0,0.9011,SEN-0264,Plant-A,2.1
80.11,1.2918,45.39,221.86,11.963,2178.1,-0.2049,-0.5922,69.4,1418.0,110.69,0.9072,SEN-0265,Plant-A,2.1
68.16,1.227,50.89,226.88,10.65,2098.0,0.7189,-0.2037,65.9,1548.0,116.33,0.9168,SEN-0266,Plant-B,2.1
85.94,1.2122,53.85,217.53,11.186,2204.1,-0.2118,-0.2735,69.5,1512.0,116.16,0.8312,SEN-0267,Plant-B,2.1
62.29,1.3554,46.83,216.13,9.483,2388.2,-0.3617,-0.2074,61.4,1491.0,119.21,0.8847,SEN-0268,Plant-B,2.1
73.62,1.1322,51.65,225.08,9.923,2132.5,0.6231,-0.5621,30.1,1525.0,109.53,0.8661,SEN-0269,Plant-C,2.1
74.93,1.2083,49.53,220.7,10.283,2316.6,0.7106,0.2173,34.6,1522.0,125.42,0.8435,SEN-0270,Plant-A,2.1
61.75,1.148,64.12,214.49,8.919,2337.8,0.1694,0.1146,42.7,1559.0,115.16,0.8273,SEN-0271,Plant-C,2.1
92.22,1.349,46.46,218.1,9.01,2349.8,-0.87,0.1827,37.3,1478.0,106.39,0.8247,SEN-0272,Plant-A,2.1
89.6,1.0048,56.92,216.22,10.097,2117.7,-0.2999,-0.253,32.4,1486.0,111.84,0.8366,SEN-0273,Plant-A,2.1
70.36,1.133,49.74,221.48,9.68,2401.5,0.3065,0.6455,66.7,1486.0,116.15,0.7883,SEN-0274,Plant-B,2.1
82.72,1.1471,49.37,220.55,8.936,2211.6,0.0089,0.0939,66.4,1592.0,128.49,0.8761,SEN-0275,Plant-B,2.1
78.79,1.2664,53.61,225.75,10.387,2174.6,0.777,-1.3689,60.7,1545.0,124.85,0.8489,SEN-0276,Plant-C,2.1
48.86,1.2606,54.47,223.55,9.737,2177.0,-0.6835,-0.3201,40.1,1452.0,116.62,0.8553,SEN-0277,Plant-A,2.1
77.5,1.3395,56.34,212.18,11.021,2260.2,0.3392,-0.0285,64.1,1481.0,120.2,0.8669,SEN-0278,Plant-B,2.1
74.39,1.0426,51.64,222.03,9.995,2205.1,-0.3135,0.4827,62.8,1462.0,122.15,0.8862,SEN-0279,Plant-C,2.1
75.83,1.275,47.0,224.48,9.7,2182.3,0.6615,-0.1504,42.9,1499.0,140.39,0.8204,SEN-0280,Plant-B,2.1
64.23,1.1707,47.31,222.28,10.128,2328.4,-0.0376,-0.125,35.1,1509.0,113.82,0.8447,SEN-0281,Plant-A,2.1
72.31,1.1334,52.55,225.15,9.828,2127.7,0.5153,-0.3314,35.4,1613.0,124.67,0.7696,SEN-0282,Plant-A,2.1
73.22,1.254,52.9,217.25,9.332,2095.7,-0.3238,0.3328,46.4,1406.0,127.26,0.739,SEN-0283,Plant-A,2.1
86.88,1.108,56.99,215.25,9.598,2279.3,-0.7047,-0.2238,63.3,1550.0,110.47,0.753,SEN-0284,Plant-B,2.1
78.34,0.9923,52.09,224.65,10.749,2270.4,-0.5552,-0.3017,33.1,1520.0,121.89,0.9268,SEN-0285,Plant-A,2.1
74.94,1.163,55.3,214.67,10.647,2309.4,-0.3033,-0.3711,47.2,1463.0,121.63,0.7587,SEN-0286,Plant-B,2.1
90.29,1.0502,57.58,209.2,11.286,2092.8,-0.5124,0.2783,44.2,1490.0,115.3,0.8736,SEN-0287,Plant-A,2.1
69.45,1.1351,50.82,225.13,8.307,2308.1,0.6002,-0.2665,65.7,1473.0,125.68,0.9239,SEN-0288,Plant-A,2.1
71.11,1.2372,42.57,216.38,9.607,2248.2,0.6695,-0.8379,36.1,1501.0,130.28,0.8271,SEN-0289,Plant-C,2.1
56.83,1.2312,44.1,218.47,9.585,2376.3,0.1365,0.3113,56.2,1549.0,131.3,0.9315,SEN-0290,Plant-C,2.1
90.69,1.3587,42.81,213.01,10.172,2075.2,-0.5171,-0.3507,42.9,1422.0,118.08,0.9424,SEN-0291,Plant-A,2.1
84.64,1.18,57.96,213.37,9.548,2221.8,-0.0592,0.1785,55.9,1564.0,121.9,0.8973,SEN-0292,Plant-B,2.1
84.17,1.0467,45.76,214.22,9.487,2172.2,-0.343,0.1869,62.9,1479.0,143.51,0.9686,SEN-0293,Plant-B,2.1
81.69,1.1244,56.16,218.2,10.783,2041.0,0.727,0.6018,63.0,1573.0,108.96,0.8811,SEN-0294,Plant-A,2.1
76.1,1.1081,52.93,221.85,10.178,2128.5,0.158,0.5223,63.8,1519.0,122.22,0.8136,SEN-0295,Plant-A,2.1
77.15,1.0782,58.58,208.51,8.834,2312.7,0.2447,-0.2875,41.7,1560.0,128.9,0.8762,SEN-0296,Plant-A,2.1
72.48,1.2435,55.02,223.76,11.335,2153.1,-0.1998,-0.0832,41.0,1526.0,121.5,0.828,SEN-0297,Plant-B,2.1
72.96,1.1355,49.49,214.09,10.997,2127.7,-1.0057,-0.6452,34.9,1553.0,126.56,0.785,SEN-0298,Plant-C,2.1
75.54,1.0023,49.0,214.67,9.426,2286.8,-0.3856,0.8387,40.2,1501.0,121.73,0.7864,SEN-0299,Plant-A,2.1
90.12,1.2697,50.43,,10.831,2298.9,-0.5583,0.2208,34.8,1456.0,127.54,0.9658,SEN-0300,Plant-B,2.1
80.56,1.1889,50.88,219.63,9.265,2298.7,0.1851,0.6972,61.4,1532.0,132.83,0.8232,SEN-0301,Plant-B,2.1
74.42,1.2357,47.35,212.32,11.126,2121.0,0.0483,-0.1595,31.9,1534.0,117.79,0.8491,SEN-0302,Plant-B,2.1
69.21,1.2106,49.84,229.22,9.782,2194.2,-0.4008,-1.0246,37.7,1603.0,121.98,0.8172,SEN-0303,Plant-C,2.1
68.65,1.2632,58.05,215.7,9.197,2303.1,-0.1943,0.7659,61.6,1398.0,119.45,0.8573,SEN-0304,Plant-B,2.1
91.03,1.2038,41.49,221.24,9.627,2134.4,0.7832,0.0466,60.7,1488.0,115.96,0.8385,SEN-0305,Plant-A,2.1
80.07,1.3236,51.29,221.0,9.234,2125.1,-0.4797,0.0666,68.9,1551.0,119.8,0.8299,SEN-0306,Plant-C,2.1
75.68,1.2425,45.47,227.06,10.192,2282.8,-0.459,0.0277,45.3,1435.0,108.68,0.7899,SEN-0307,Plant-C,2.1
71.54,1.2392,50.94,217.72,10.175,2356.2,-0.1142,0.3223,31.8,1487.0,127.45,0.7799,SEN-0308,Plant-B,2.1
63.91,1.241,54.2,225.04,10.036,2084.8,-0.3496,0.2666,62.3,1604.0,137.02,0.8134,SEN-0309,Plant-B,2.1
74.33,1.0543,49.71,216.29,9.443,1940.2,-0.2144,-0.7953,41.5,1569.0,137.05,0.8652,SEN-0310,Plant-A,2.1
83.74,1.1835,53.86,225.61,6.339,2055.0,0.2657,0.5434,60.9,1454.0,132.76,0.9544,SEN-0311,Plant-A,2.1
71.07,1.1741,42.05,216.19,10.093,2098.8,0.8661,-0.2645,30.8,1570.0,110.36,0.9033,SEN-0312,Plant-B,2.1
72.73,1.2208,55.53,218.19,8.104,2186.2,-0.8897,-0.2335,31.4,1558.0,135.2,0.9418,SEN-0313,Plant-A,2.1
72.79,1.0641,46.98,229.48,10.244,2261.6,-0.0091,0.8637,53.9,1537.0,112.85,0.875,SEN-0314,Plant-B,2.1
76.1,1.3634,53.11,221.58,11.131,2185.3,0.0207,0.4603,57.4,1517.0,119.47,0.8464,SEN-0315,Plant-C,2.1
59.07,1.2104,50.91,220.55,10.274,2130.0,-0.042,-0.1691,52.5,1510.0,138.46,0.7845,SEN-0316,Plant-C,2.1
72.65,1.0789,37.07,231.21,9.611,2215.3,-0.0936,-0.9282,51.3,1455.0,109.28,0.8509,SEN-0317,Plant-A,2.1
66.46,1.0291,46.22,221.81,9.82,2103.8,-0.1702,0.0808,53.9,1473.0,128.41,0.7436,SEN-0318,Plant-B,2.1
83.85,1.1719,51.1,215.92,9.867,2195.3,0.5021,0.2693,35.2,1535.0,122.81,0.8358,SEN-0319,Plant-A,2.1
67.29,1.191,57.77,223.67,9.451,2135.8,-0.2326,-0.0403,32.5,1505.0,118.48,0.9323,SEN-0320,Plant-A,2.1
80.77,1.1282,51.44,214.09,9.416,2468.0,-0.0637,-0.623,44.0,1591.0,111.24,0.8673,SEN-0321,Plant-C,2.1
90.24,1.2092,51.29,225.64,9.076,2281.7,-0.0001,-0.3953,51.9,1482.0,124.23,0.9073,SEN-0322,Plant-A,2.1
71.86,1.1359,42.94,226.03,11.188,2116.5,0.0537,-0.6276,40.0,1378.0,115.36,0.8318,SEN-0323,Plant-A,2.1
68.98,1.2552,57.16,217.14,9.984,2100.3,-0.0854,0.1077,37.2,1482.0,130.45,0.7822,SEN-0324,Plant-A,2.1
76.91,1.1275,59.04,216.86,10.956,2156.2,0.4996,0.4097,47.9,1512.0,132.24,0.827,SEN-0325,Plant-A,2.1
74.98,1.1961,50.14,220.88,9.75,2035.5,-0.0043,0.5127,46.4,1518.0,106.21,0.8312,SEN-0326,Plant-A,2.1
65.06,1.2979,48.9,220.07,10.072,2127.0,0.087,-0.3661,40.7,1502.0,114.95,0.9113,SEN-0327,Plant-A,2.1
79.61,1.4572,41.9,215.11,9.83,2126.2,-0.0257,0.1175,67.1,1457.0,116.81,0.9498,SEN-0328,Plant-A,2.1
95.16,1.0992,54.42,222.84,10.463,2288.4,-0.5015,0.277,67.7,1573.0,108.18,0.8141,SEN-0329,Plant-C,2.1
72.42,1.1535,63.51,209.79,10.827,2157.3,-0.415,-0.2556,31.9,1465.0,108.82,0.8332,SEN-0330,Plant-C,2.1
72.97,1.116,53.59,217.84,10.24,2120.9,-0.525,-0.0743,49.2,1534.0,120.89,0.8439,SEN-0331,Plant-A,2.1
64.55,1.2784,56.32,217.98,9.326,2066.0,0.0963,1.0619,39.5,1484.0,117.92,0.8337,SEN-0332,Plant-A,2.1
78.19,1.0852,52.71,218.63,9.22,2082.3,-0.3567,0.1026,43.4,1439.0,103.48,0.789,SEN-0333,Plant-C,2.1
62.53,1.1516,45.07,221.54,11.659,2193.4,-0.5307,0.4415,31.1,1569.0,114.62,0.8558,SEN-0334,Plant-C,2.1
63.93,1.197,56.68,213.86,9.72,2178.5,0.1191,-0.2174,33.2,1373.0,125.19,0.8693,SEN-0335,Plant-A,2.1
87.8,1.1021,43.83,222.94,9.709,2313.4,0.2625,0.0209,31.3,1456.0,107.94,0.8705,SEN-0336,Plant-A,2.1
65.95,1.1043,48.95,219.1,11.465,2137.1,-0.8804,-0.8572,35.0,1520.0,110.76,0.7909,SEN-0337,Plant-B,2.1
85.81,1.1524,51.39,216.75,11.088,2305.9,0.8448,-0.0125,56.0,1481.0,135.88,0.8456,SEN-0338,Plant-A,2.1
90.24,0.99,54.41,213.17,10.534,2225.7,0.0161,0.5961,33.1,1536.0,133.17,0.7643,SEN-0339,Plant-C,2.1
77.59,1.0555,52.08,214.08,9.601,2199.5,-0.0526,1.0494,65.4,1494.0,103.79,0.897,SEN-0340,Plant-C,2.1
80.53,1.1587,51.93,221.8,12.353,1999.2,0.5334,0.5983,62.1,1476.0,106.49,0.8003,SEN-0341,Plant-B,2.1
94.52,1.2148,46.19,215.18,10.393,2071.0,0.0349,0.3434,40.8,1607.0,123.77,0.8376,SEN-0342,Plant-C,2.1
73.03,1.1814,43.55,220.32,10.547,2274.1,-0.3019,0.0265,57.7,1488.0,108.09,0.8289,SEN-0343,Plant-B,2.1
69.07,1.0226,50.31,225.31,9.829,2339.8,1.0973,-0.3,68.1,1491.0,117.47,0.8222,SEN-0344,Plant-C,2.1
61.47,1.1536,46.45,225.16,8.586,2220.6,-0.5372,-0.0801,34.6,1445.0,115.49,0.7984,SEN-0345,Plant-B,2.1
75.42,1.2798,43.46,227.8,8.665,2276.3,-0.0488,0.3064,52.4,1461.0,125.6,0.763,SEN-0346,Plant-A,2.1
89.79,1.2556,43.67,218.52,10.407,2159.2,0.4236,-0.3926,48.6,1531.0,94.71,0.9381,SEN-0347,Plant-A,2.1
84.6,1.1921,47.55,214.57,10.392,2162.9,-0.5348,0.4666,42.4,1527.0,97.97,0.8642,SEN-0348,Plant-A,2.1
65.58,1.1113,40.74,225.1,9.76,2133.7,-0.051,-0.4921,41.5,1499.0,107.74,0.8647,SEN-0349,Plant-C,2.1
66.45,1.2631,43.26,221.55,8.828,2297.5,0.1933,-0.8896,33.5,1464.0,130.14,0.9564,SEN-0350,Plant-A,2.1
69.96,1.1421,41.82,225.62,8.558,2234.3,1.2008,-0.506,55.9,1533.0,118.46,0.8464,SEN-0351,Plant-B,2.1
77.92,1.0831,50.91,220.06,9.672,2176.6,-0.4464,-0.8327,37.9,1414.0,102.92,0.8791,SEN-0352,Plant-A,2.1
72.95,1.1198,52.04,225.98,8.544,2167.2,-0.0238,-0.6862,46.9,1482.0,124.93,0.8525,SEN-0353,Plant-B,2.1
77.14,1.3448,60.04,224.23,10.899,2255.7,0.3294,0.5661,67.1,1486.0,127.08,0.9109,SEN-0354,Plant-C,2.1
77.97,1.222,42.51,223.58,11.153,2232.3,0.0405,-0.1001,43.9,1457.0,117.54,0.8766,SEN-0355,Plant-B,2.1
72.01,1.3159,46.6,222.52,12.829,2116.8,-0.6014,0.1093,42.6,1507.0,116.69,0.8673,SEN-0356,Plant-A,2.1
74.6,1.1521,54.56,221.99,10.878,2371.6,0.2041,0.5791,67.3,1466.0,124.38,0.8388,SEN-0357,Plant-C,2.1
77.07,1.2938,48.92,221.17,9.407,2225.7,0.0538,0.6296,53.3,1459.0,132.09,0.8655,SEN-0358,Plant-C,2.1
74.16,1.1398,48.37,221.13,9.128,2201.0,0.2228,-0.2523,52.8,1589.0,121.52,0.9098,SEN-0359,Plant-A,2.1
80.04,1.1843,58.55,224.95,6.548,2347.7,0.5657,0.6643,38.9,1536.0,125.33,0.7477,SEN-0360,Plant-B,2.1
93.71,1.4486,48.31,217.44,9.405,2302.4,0.5066,0.1923,55.6,1559.0,119.52,0.8451,SEN-0361,Plant-A,2.1
80.92,1.2767,44.22,228.68,9.823,2191.2,0.2039,0.0017,45.2,1502.0,116.19,0.8307,SEN-0362,Plant-B,2.1
75.56,1.1499,43.42,219.47,10.968,2253.6,0.1553,0.221,51.8,1548.0,110.84,0.8366,SEN-0363,Plant-C,2.1
58.14,1.1915,51.68,224.93,10.612,2093.0,-0.5492,-0.7128,45.9,1538.0,122.56,0.7528,SEN-0364,Plant-C,2.1
78.88,1.2326,51.53,219.55,10.588,2135.9,-0.0672,-0.3931,33.2,1560.0,117.0,0.8882,SEN-0365,Plant-B,2.1
55.53,1.321,43.14,218.77,10.214,1974.0,0.1102,-0.0541,65.1,1618.0,117.56,0.8093,SEN-0366,Plant-B,2.1
60.91,1.1511,45.07,230.16,10.661,2322.0,-0.2005,0.3049,57.7,1488.0,129.3,0.8403,SEN-0367,Plant-B,2.1
83.55,1.0259,52.67,218.45,11.448,2010.2,0.0488,-0.186,68.3,1512.0,124.88,0.8264,SEN-0368,Plant-B,2.1
82.06,1.172,52.89,213.61,8.935,2268.1,-0.4127,-0.0637,42.3,1497.0,128.7,0.7681,SEN-0369,Plant-B,2.1
73.5,1.2015,46.78,216.43,9.543,2116.9,0.7672,0.4847,41.3,1324.0,104.24,0.8293,SEN-0370,Plant-C,2.1
57.9,1.211,53.11,218.41,8.611,2102.1,1.076,0.7059,35.4,1430.0,125.58,0.7595,SEN-0371,Plant-C,2.1
71.29,1.3317,52.86,230.78,11.619,2180.5,-0.1948,0.3836,42.2,1500.0,114.1,0.8045,SEN-0372,Plant-C,2.1
68.21,1.2317,41.08,221.03,11.297,2226.6,0.2002,0.6342,43.0,1531.0,111.92,0.8359,SEN-0373,Plant-C,2.1
81.37,1.2813,48.44,224.67,10.752,2261.2,-0.1171,-0.2022,37.4,1471.0,111.48,0.8514,SEN-0374,Plant-A,2.1
97.58,1.0899,52.08,214.99,8.801,2377.2,0.6314,-0.1532,40.6,1556.0,132.11,0.8544,SEN-0375,Plant-C,2.1
77.17,1.2868,47.13,221.76,10.173,2235.9,0.2175,0.1592,41.8,1564.0,128.28,0.8448,SEN-0376,Plant-A,2.1
67.21,1.4096,39.31,223.36,9.765,2288.1,0.0387,-0.1505,64.3,1479.0,112.83,0.9585,SEN-0377,Plant-A,2.1
63.29,1.2773,48.58,229.01,10.081,2140.2,-0.1118,-0.2536,47.9,1571.0,108.62,0.8734,SEN-0378,Plant-A,2.1
74.44,1.2254,53.76,216.52,9.812,2271.4,0.0631,0.8261,62.8,1587.0,120.14,0.7906,SEN-0379,Plant-C,2.1
73.23,1.2154,57.9,223.02,10.52,2215.3,-0.5002,-0.1006,32.0,1523.0,115.4,0.821,SEN-0380,Plant-B,2.1
63.48,1.3787,39.05,221.51,9.605,2153.7,0.3378,-0.483,37.5,1451.0,136.6,0.8188,SEN-0381,Plant-A,2.1
76.16,1.1073,63.07,214.89,10.855,2190.4,-0.357,0.2437,68.1,1573.0,105.39,0.8428,SEN-0382,Plant-B,2.1
63.49,1.1889,44.36,219.9,10.241,2193.8,0.2674,0.9179,32.0,1492.0,101.7,0.8215,SEN-0383,Plant-C,2.1
86.12,1.246,54.78,218.68,9.707,2219.1,0.0648,0.0404,32.8,1481.0,117.44,0.8089,SEN-0384,Plant-C,2.1
85.63,1.2744,56.17,208.37,9.888,2240.1,0.5475,0.6157,50.7,1506.0,120.11,0.9341,SEN-0385,Plant-A,2.1
85.85,1.1563,54.92,222.99,9.559,2149.1,-0.0085,-0.2189,41.6,1473.0,121.33,0.8539,SEN-0386,Plant-A,2.1
70.26,1.2307,50.75,222.7,10.814,2125.9,0.5115,-0.2457,37.8,1554.0,127.53,0.8348,SEN-0387,Plant-C,2.1
80.15,1.1722,44.19,217.81,9.729,2274.7,-0.4612,-0.3449,54.3,1539.0,140.73,0.8391,SEN-0388,Plant-A,2.1
73.68,1.212,53.13,213.31,10.295,2030.3,0.3047,-0.0717,54.4,1561.0,116.58,0.8408,SEN-0389,Plant-B,2.1
71.11,1.1868,46.42,227.4,9.608,2138.2,-0.112,0.9182,37.5,1529.0,114.56,0.9213,SEN-0390,Plant-B,2.1
71.61,1.0858,37.39,221.33,8.515,2355.3,0.0971,-0.5777,51.6,1460.0,102.41,0.8756,SEN-0391,Plant-A,2.1
62.0,1.1979,64.14,225.08,10.906,1929.3,0.0359,0.8186,48.2,1492.0,122.43,0.9078,SEN-0392,Plant-A,2.1
60.56,1.2877,53.54,227.05,8.942,2130.7,0.4681,-0.5042,63.9,1544.0,128.53,0.6958,SEN-0393,Plant-C,2.1
82.94,1.1033,59.09,217.4,10.679,2268.8,-1.0098,-0.1169,32.7,1480.0,117.4,0.868,SEN-0394,Plant-C,2.1
73.09,1.1759,45.44,224.06,10.42,2035.0,0.1615,0.4179,39.3,1646.0,131.81,0.9047,SEN-0395,Plant-B,2.1
77.16,1.2665,57.34,218.79,8.344,2459.8,-0.7472,0.3151,52.6,1488.0,120.3,0.9504,SEN-0396,Plant-C,2.1
85.02,1.093,57.95,219.69,9.055,1941.2,0.6034,0.141,31.3,1471.0,135.15,0.8532,SEN-0397,Plant-A,2.1
57.67,1.2183,57.77,219.57,9.486,2343.7,-0.9864,-0.8247,63.8,1557.0,123.33,0.7659,SEN-0398,Plant-A,2.1
67.16,1.094,49.89,219.99,9.179,2355.7,-0.5019,0.1811,68.7,1537.0,109.43,0.8812,SEN-0399,Plant-C,2.1
76.75,1.3135,43.99,225.57,8.818,2291.6,-0.8369,-0.5112,43.1,1499.0,113.63,0.8218,SEN-0400,Plant-A,2.1
78.92,1.4313,49.11,220.62,10.74,2177.8,0.8196,1.2845,61.0,1488.0,104.66,0.7622,SEN-0401,Plant-B,2.1
71.23,1.4022,38.99,219.23,9.76,2235.7,-0.6445,-0.1067,40.0,1521.0,102.63,0.8208,SEN-0402,Plant-B,2.1
85.29,1.1781,41.49,218.62,10.386,2110.3,0.057,0.0944,67.9,1542.0,122.67,0.9046,SEN-0403,Plant-B,2.1
77.1,1.274,50.46,221.71,9.569,2280.9,-0.2679,-0.5734,38.5,1538.0,128.7,0.9119,SEN-0404,Plant-B,2.1
62.87,1.2121,45.04,215.53,10.305,2088.0,-0.8999,-0.2394,30.2,1485.0,139.54,0.8879,SEN-0405,Plant-C,2.1
65.69,1.2102,49.18,217.49,9.249,2172.6,-0.1686,-0.6455,32.7,1522.0,119.45,0.7994,SEN-0406,Plant-C,2.1
83.05,1.3548,49.46,219.74,9.973,2299.6,0.3314,0.4908,48.3,1542.0,117.63,0.9776,SEN-0407,Plant-A,2.1
79.64,1.0681,59.65,217.17,10.582,2088.6,-0.0921,-0.131,31.5,1538.0,108.91,0.7933,SEN-0408,Plant-B,2.1
56.01,1.3055,56.49,219.41,10.045,2163.6,0.4705,0.2813,69.2,1346.0,129.87,0.8479,SEN-0409,Plant-A,2.1
88.48,1.1951,49.78,216.95,9.543,2216.4,-0.181,-0.3423,55.2,1455.0,123.89,0.7796,SEN-0410,Plant-A,2.1
80.98,1.3409,56.04,230.02,8.913,2065.8,0.0034,-0.2506,52.8,1461.0,114.05,0.9177,SEN-0411,Plant-C,2.1
88.43,1.2187,46.1,226.65,10.168,2316.4,-0.1924,0.6441,55.0,1488.0,126.89,0.8742,SEN-0412,Plant-B,2.1
71.16,1.1327,48.32,222.25,10.345,2234.1,0.1718,-0.4858,46.7,1509.0,125.61,0.8963,SEN-0413,Plant-A,2.1
72.04,1.2277,54.55,219.73,9.742,2048.4,0.9495,-0.9007,65.4,1546.0,101.3,0.8564,SEN-0414,Plant-A,2.1
63.74,1.2736,43.79,230.95,9.231,2195.3,0.1811,0.2031,58.5,1531.0,127.43,0.8485,SEN-0415,Plant-C,2.1
100.37,1.2036,48.61,221.61,10.543,2122.5,0.0972,-0.5707,47.2,1494.0,121.36,0.8606,SEN-0416,Plant-C,2.1
73.25,1.2488,43.4,219.57,12.482,2134.2,-0.3092,-0.2197,41.4,1501.0,116.09,0.7575,SEN-0417,Plant-A,2.1
90.88,1.1478,50.59,221.52,9.698,2207.7,-0.3777,0.4558,35.8,1588.0,115.83,0.9016,SEN-0418,Plant-A,2.1
68.53,0.9866,58.16,221.53,10.337,2129.0,0.732,-0.4093,42.6,1469.0,137.48,0.8976,SEN-0419,Plant-C,2.1
76.64,1.29,46.24,227.05,10.377,2296.5,-0.5561,0.4392,44.1,1515.0,135.36,0.8323,SEN-0420,Plant-C,2.1
58.29,1.2699,51.13,219.91,7.434,2129.5,-0.4566,-0.3406,33.2,1578.0,138.26,0.8514,SEN-0421,Plant-B,2.1
71.17,1.2148,45.51,230.5,10.124,2298.2,-0.0487,0.7453,67.0,1517.0,108.51,0.867,SEN-0422,Plant-C,2.1
84.84,1.2068,44.25,215.59,9.293,2195.6,-0.2132,0.6626,40.3,1398.0,113.46,0.9305,SEN-0423,Plant-B,2.1
62.48,1.3036,43.82,223.47,11.385,2285.6,0.9781,-0.2357,51.6,1519.0,129.05,0.8736,SEN-0424,Plant-C,2.1
85.72,1.1543,57.27,214.99,9.746,2145.9,-1.1831,-0.1066,32.6,1481.0,107.92,0.8542,SEN-0425,Plant-B,2.1
78.37,1.1293,61.81,229.09,9.222,2149.5,0.1807,-0.416,52.1,1494.0,112.8,0.8266,SEN-0426,Plant-B,2.1
64.56,1.1811,52.42,218.35,9.782,2084.8,0.3564,0.1,55.8,1553.0,101.96,0.7769,SEN-0427,Plant-B,2.1
69.98,1.3189,46.42,219.71,10.167,2257.8,-0.5602,0.5746,33.2,1523.0,138.53,0.8223,SEN-0428,Plant-C,2.1
70.41,1.0613,53.52,224.62,9.44,2293.8,-0.3223,-0.7234,69.0,1487.0,130.63,0.8557,SEN-0429,Plant-B,2.1
74.5,1.3192,48.33,226.28,9.947,2411.9,0.2163,0.4587,36.5,1545.0,124.59,0.8395,SEN-0430,Plant-A,2.1
69.64,1.1361,54.01,214.44,8.646,2329.1,0.8148,-0.662,40.5,1522.0,122.19,0.8559,SEN-0431,Plant-B,2.1
66.73,1.0899,51.45,218.27,9.775,2225.0,-0.4603,-0.4299,59.5,1505.0,115.83,0.8894,SEN-0432,Plant-A,2.1
71.95,1.326,51.4,213.03,10.776,2178.9,-0.7896,-0.8939,43.5,1515.0,116.02,0.874,SEN-0433,Plant-A,2.1
64.73,1.1903,53.04,220.69,11.969,2238.9,0.4862,1.0525,65.1,1513.0,126.16,0.866,SEN-0434,Plant-A,2.1
62.1,1.07,47.1,219.49,10.707,2197.2,0.7619,0.0294,39.5,1483.0,112.88,0.885,SEN-0435,Plant-C,2.1
74.52,1.1641,47.98,218.26,10.272,2346.3,-0.1675,0.1224,42.6,1477.0,132.27,0.8616,SEN-0436,Plant-A,2.1
83.83,1.2931,41.39,216.58,11.184,2294.4,-1.1069,-0.3381,57.7,1501.0,115.07,0.8507,SEN-0437,Plant-C,2.1
59.71,1.3192,47.79,218.07,11.019,2116.3,0.7259,0.5335,64.4,1452.0,111.27,0.8758,SEN-0438,Plant-C,2.1
75.04,1.1573,42.89,216.27,11.664,2131.2,-0.0993,-1.0516,65.4,1437.0,132.98,0.7659,SEN-0439,Plant-A,2.1
68.5,1.2406,49.28,222.64,11.083,2336.7,0.5619,0.0133,41.5,1565.0,118.56,0.9149,SEN-0440,Plant-B,2.1
65.23,1.2714,45.21,227.58,9.882,2230.8,-0.0217,1.1034,51.2,1488.0,125.55,0.7878,SEN-0441,Plant-A,2.1
83.53,1.1355,50.51,210.35,10.258,2176.8,-0.1878,-0.191,46.4,1499.0,115.85,0.8942,SEN-0442,Plant-B,2.1
69.82,1.2355,52.27,219.42,10.179,2318.6,-0.226,0.0086,57.0,1493.0,97.5,0.853,SEN-0443,Plant-B,2.1
89.98,1.1968,42.9,217.91,10.302,2161.2,0.7367,0.3361,39.1,1501.0,125.47,0.9078,SEN-0444,Plant-C,2.1
67.2,1.1464,45.93,222.46,10.2,2172.0,0.7172,-0.4057,63.6,1501.0,106.53,0.8541,SEN-0445,Plant-C,2.1
78.87,1.1508,45.28,215.24,9.218,2153.9,-1.0689,0.0114,58.5,1503.0,130.82,0.8052,SEN-0446,Plant-B,2.1
72.73,1.2067,53.73,219.27,7.896,2003.8,-0.4681,0.4805,37.0,1460.0,104.49,0.9061,SEN-0447,Plant-B,2.1
67.46,1.203,58.53,214.8,9.328,2286.4,0.8885,0.0972,42.6,1547.0,101.35,0.8617,SEN-0448,Plant-A,2.1
80.88,1.1435,54.26,223.48,7.974,2079.1,-0.1836,0.1855,43.4,1465.0,123.08,0.8584,SEN-0449,Plant-A,2.1
73.45,1.1574,48.25,220.5,,2143.1,-0.6802,-0.1747,67.2,1552.0,124.25,0.8565,SEN-0450,Plant-C,2.1
81.03,1.3113,57.33,219.19,10.005,2125.6,0.0022,0.1578,48.2,1404.0,121.07,0.9025,SEN-0451,Plant-C,2.1
74.53,1.2214,42.43,221.85,8.324,2272.7,-0.0542,0.0279,54.7,1447.0,107.86,0.8934,SEN-0452,Plant-B,2.1
64.14,1.2885,57.5,218.77,10.688,2193.1,-0.0487,0.7275,67.2,1550.0,128.89,0.864,SEN-0453,Plant-A,2.1
73.98,1.3202,46.72,212.23,10.867,2201.5,-0.2398,0.3622,45.9,1493.0,105.35,0.775,SEN-0454,Plant-A,2.1
75.52,1.2589,36.1,222.98,10.096,2032.1,-0.155,-0.1218,67.8,1466.0,115.36,0.8323,SEN-0455,Plant-C,2.1
84.58,1.4271,63.25,221.44,11.668,2191.3,-0.228,-1.2234,41.7,1519.0,112.12,0.8578,SEN-0456,Plant-B,2.1
65.94,1.1175,57.89,219.23,11.872,2052.4,0.167,0.3579,30.5,1448.0,116.22,0.9423,SEN-0457,Plant-C,2.1
74.61,1.2808,44.84,224.92,8.794,2230.7,-0.4064,0.3776,34.1,1504.0,128.53,0.8718,SEN-0458,Plant-A,2.1
57.78,1.1682,50.85,226.09,11.037,2236.7,-0.1448,-0.4585,57.7,1389.0,113.66,0.848,SEN-0459,Plant-A,2.1
81.51,1.3856,48.93,214.54,10.441,2198.3,-0.072,-0.9992,45.3,1477.0,125.64,0.9124,SEN-0460,Plant-B,2.1
64.19,1.37,50.51,216.09,10.418,2404.3,0.6529,-0.5709,63.3,1468.0,126.94,0.8471,SEN-0461,Plant-B,2.1
56.94,1.0046,42.58,227.74,10.934,2252.8,0.1867,0.4631,51.3,1527.0,102.89,0.8513,SEN-0462,Plant-B,2.1
74.41,1.1031,46.59,227.09,9.281,2259.6,-0.0549,-0.5324,57.4,1544.0,108.33,0.8605,SEN-0463,Plant-B,2.1
86.06,1.2664,52.34,216.31,9.408,2214.2,0.2681,-0.2298,44.1,1457.0,116.17,0.7778,SEN-0464,Plant-C,2.1
59.76,1.279,51.11,214.1,9.173,2180.7,0.2031,0.1102,53.5,1580.0,114.08,0.9006,SEN-0465,Plant-C,2.1
64.12,1.2737,56.0,216.81,9.245,2296.6,0.5439,0.6122,57.9,1470.0,123.08,0.874,SEN-0466,Plant-A,2.1
67.57,1.1929,50.4,217.51,9.901,2310.1,0.2533,-0.0091,45.1,1397.0,100.68,0.8386,SEN-0467,Plant-A,2.1
63.71,1.2455,61.75,212.08,8.548,2069.9,0.897,-0.0502,49.6,1381.0,127.21,0.7956,SEN-0468,Plant-A,2.1
78.79,1.2653,46.42,220.16,8.954,2305.4,0.6723,-0.2744,63.7,1577.0,127.45,0.8634,SEN-0469,Plant-B,2.1
66.93,1.1922,51.3,213.6,10.578,2251.4,-0.0205,0.8153,67.2,1496.0,118.32,0.9227,SEN-0470,Plant-B,2.1
67.78,1.3027,40.42,213.95,9.929,2296.1,-0.2073,0.533,44.0,1468.0,106.17,0.8207,SEN-0471,Plant-C,2.1
80.83,0.9741,43.73,224.58,10.383,2246.6,0.4413,-0.0476,32.7,1463.0,120.06,0.7997,SEN-0472,Plant-A,2.1
67.44,1.2634,56.64,216.58,8.111,2075.6,0.2583,-0.6983,63.7,1445.0,114.63,0.8738,SEN-0473,Plant-A,2.1
79.33,1.0966,45.29,219.64,9.216,2082.7,-0.0473,-0.3951,47.9,1568.0,125.67,0.7729,SEN-0474,Plant-C,2.1
65.29,1.2959,52.65,223.15,9.445,2382.5,-0.7385,0.2897,68.8,1496.0,119.15,0.7417,SEN-0475,Plant-C,2.1
62.88,1.1771,49.69,224.07,10.033,2225.2,-0.9162,-0.3607,60.5,1590.0,127.28,0.8306,SEN-0476,Plant-A,2.1
56.65,1.1111,44.78,218.31,9.414,2058.3,0.1741,0.4461,44.7,1490.0,115.67,0.8183,SEN-0477,Plant-B,2.1
93.61,1.2374,48.26,220.22,10.933,2234.8,0.3854,0.1807,64.0,1382.0,134.43,0.839,SEN-0478,Plant-B,2.1
71.8,1.1089,47.43,215.87,9.942,2163.8,0.4017,0.1463,51.9,1542.0,96.95,0.8252,SEN-0479,Plant-B,2.1
77.44,1.1087,47.56,228.74,10.017,2015.7,-0.6436,0.3267,58.5,1482.0,109.84,0.8694,SEN-0480,Plant-A,2.1
74.69,1.0433,53.77,223.25,10.014,1971.0,0.5187,0.2493,65.4,1488.0,124.91,0.8418,SEN-0481,Plant-C,2.1
76.6,1.1973,53.26,214.48,10.708,2039.7,-0.2671,-0.4276,53.2,1578.0,104.89,0.8229,SEN-0482,Plant-A,2.1
75.5,1.2497,47.11,220.02,9.528,2227.2,0.1942,-0.1629,67.9,1487.0,127.36,0.83,SEN-0483,Plant-B,2.1
94.08,1.3023,45.46,223.57,11.122,2195.2,0.2083,1.1699,45.9,1558.0,107.83,0.8844,SEN-0484,Plant-B,2.1
64.61,1.1858,51.41,222.4,10.46,2175.1,-0.4012,-0.6039,45.2,1500.0,120.93,0.9008,SEN-0485,Plant-A,2.1
59.43,1.3048,49.5,229.15,10.154,2228.5,-0.2957,-0.2373,55.6,1462.0,110.85,0.8981,SEN-0486,Plant-C,2.1
64.88,1.2018,55.14,226.86,10.042,2260.1,-1.0365,0.5328,46.2,1525.0,115.59,0.8877,SEN-0487,Plant-A,2.1
61.65,1.1907,63.28,217.3,10.52,1989.7,-0.4584,-0.0796,58.3,1470.0,121.75,0.688,SEN-0488,Plant-C,2.1
82.47,1.2574,54.21,219.55,11.015,2169.9,-0.9013,-0.4061,51.2,1561.0,118.95,0.8028,SEN-0489,Plant-C,2.1
83.2,1.3058,49.83,213.59,10.946,2117.2,0.2187,-0.6616,59.7,1548.0,116.19,0.8372,SEN-0490,Plant-C,2.1
65.39,1.1659,49.14,221.25,10.376,2076.7,0.0307,0.268,63.0,1503.0,141.53,0.8632,SEN-0491,Plant-B,2.1
61.1,1.1756,45.72,220.76,10.877,2145.3,0.457,0.5099,52.7,1530.0,120.08,0.7721,SEN-0492,Plant-A,2.1
71.45,1.1839,45.47,233.52,10.118,2187.7,0.1783,0.6999,66.6,1528.0,110.3,0.9241,SEN-0493,Plant-A,2.1
88.91,1.2083,44.98,220.49,11.252,2173.4,-0.3174,0.0269,61.2,1486.0,129.28,0.8681,SEN-0494,Plant-B,2.1
46.8,1.11,48.02,209.53,9.973,2054.5,0.1731,0.5225,64.3,1545.0,128.21,0.8219,SEN-0495,Plant-B,2.1
80.27,1.3028,47.86,216.64,7.925,2151.7,-0.1952,-0.5165,30.8,1489.0,132.23,0.8611,SEN-0496,Plant-C,2.1
64.24,1.16,53.72,220.56,11.338,2401.6,0.3045,0.084,30.6,1531.0,137.87,0.8357,SEN-0497,Plant-A,2.1
85.4,1.2462,48.01,213.72,10.108,2094.5,0.1577,-0.3387,55.4,1452.0,110.61,0.815,SEN-0498,Plant-A,2.1
64.22,1.1175,49.01,215.66,8.829,2031.3,-0.4943,0.0869,43.3,1505.0,130.6,0.8783,SEN-0499,Plant-C,2.1
75.01,1.1715,51.79,213.91,9.634,2180.2,0.1376,0.0011,31.9,1405.0,124.16,0.907,SEN-0000,Plant-C,2.1
77.99,1.0494,51.96,228.22,10.342,2111.6,0.2983,0.0277,53.5,1515.0,112.12,0.85,SEN-0001,Plant-A,2.1
